OBJECTID_12_13,OBJECTID,DEPCODE,COUNTY,COUNTYNAME,DATESTAMP,ShapeSTAre,ShapeSTLen,OBJECTID_1,County_1,State,OBJECTID_12,DEPCODE_1,COUNTYN,PUIsTotal,Age_0_4,Age_5_14,Age_15_24,Age_25_34,Age_35_44,Age_45_54,Age_55_64,Age_65_74,Age_75_84,Age_85plus,Age_Unkn,C_Age_0_4,C_Age_5_14,C_Age_15_24,C_Age_25_34,C_Age_35_44,C_Age_45_54,C_Age_55_64,C_Age_65_74,C_Age_75_84,C_Age_85plus,PUIAgeAvrg,PUIAgeRange,C_AgeAvrg,C_AgeRange,C_AllResTypes,C_NonResDeaths,PUIFemale,PUIMale,PUISexUnkn,PUIFLRes,PUINotFLRes,PUIFLResOut,PUITravelNo,PUITravelUnkn,PUITravelYes,C_ED_NO,C_ED_NoData,C_ED_Yes,C_Hosp_No,C_Hosp_Nodata,C_Hosp_Yes,FLResDeaths,PUILab_Yes,TPositive,TNegative,TInconc,TPending,PUIContNo,PUIContUnkn,PUIContYes,CasesAll,C_Men,C_Women,C_FLRes,C_NotFLRes,C_FLResOut,T_NegRes,T_NegNotFLRes,T_total,T_negative,T_positive,Deaths,EverMon,MonNow,Shape__Area,Shape__Length
1,1,21,041,GILCHRIST,2000-05-16T00:00:00.000Z,9908353355.45099,487300.011359113,21,Gilchrist,FL,1,21,41,24,3,0,2,3,5,2,2,3,3,1,0,0,0,0,0,0,0,0,0,0,0,0,0 to 89,46,NA,0,0,15,9,0,24,0,0,2,22,0,0,0,0,0,0,0,0,24,0,24,0,0,1,2,0,0,0,0,0,0,0,24,0,24,24,0,0,0,0,0.0858306455302227,1.42926667474908
2,2,54,107,PUTNAM,2000-05-16T00:00:00.000Z,23058687375.9514,762967.677232753,54,Putnam,FL,2,54,107,213,7,3,15,29,30,34,38,25,25,7,0,0,0,2,0,2,3,0,4,1,0,0,0 to 96,50,22 to 82,12,0,134,78,1,212,1,0,85,117,11,1,9,2,9,2,1,0,204,12,191,1,9,25,18,75,12,6,6,12,0,0,191,1,213,192,12,0,2,2,0.19954202109966,2.24642787127675
3,3,62,123,TAYLOR,2000-05-16T00:00:00.000Z,28917470565.3829,877252.709451284,62,Taylor,FL,3,62,123,28,0,0,2,4,5,5,6,3,3,0,0,0,0,0,0,0,0,0,0,0,0,0,19 to 81,50,NA,0,0,12,16,0,28,0,0,5,23,0,0,0,0,0,0,0,0,28,0,28,0,0,5,0,0,0,0,0,0,0,0,28,0,28,28,0,0,1,1,0.251180544361659,2.5842937884235
4,4,46,091,OKALOOSA,2000-05-16T00:00:00.000Z,25621585036.2256,1087058.00438284,46,Okaloosa,FL,4,46,91,206,6,11,11,38,34,40,33,17,10,1,5,0,0,2,5,4,5,4,5,5,1,0,1 to 87,43,24 to 87,28,0,120,79,7,201,4,1,54,119,33,17,3,11,23,3,5,0,195,31,164,0,11,42,6,41,31,16,15,27,3,1,163,1,206,164,31,0,101,51,0.223073367498728,3.21429589964413
5,5,7,013,CALHOUN,2000-05-16T00:00:00.000Z,16048085397.4672,631344.00909672,7,Calhoun,FL,5,7,13,11,0,0,2,0,2,0,2,3,2,0,0,0,0,0,0,0,0,0,0,0,0,0,19 to 84,55,NA,0,0,7,4,0,11,0,0,0,9,2,0,0,0,0,0,0,0,11,0,11,0,0,1,1,0,0,0,0,0,0,0,11,0,11,11,0,0,1,0,0.139649278891739,1.88103049664632
6,6,50,099,PALM BEACH,2000-05-16T00:00:00.000Z,61491591969.0616,1522726.89747538,50,Palm Beach,FL,6,50,99,1995,31,46,151,292,300,306,297,290,202,68,12,0,1,23,25,33,37,48,72,64,15,0,0 to 104,50,6 to 92,306,0,1104,851,40,1974,19,2,103,1821,71,38,216,64,81,200,37,6,1965,318,1647,0,30,75,63,85,318,162,146,304,12,2,1640,7,1995,1647,318,6,394,312,0.517626395411526,4.37197700916443
7,7,56,111,ST. LUCIE,2000-05-16T00:00:00.000Z,16149484820.9557,829518.692770346,59,St. Lucie,FL,7,56,111,339,9,11,25,46,46,55,61,51,26,9,0,0,0,2,3,2,3,6,3,2,1,0,0 to 95,49,19 to 95,20,0,194,140,5,336,3,0,35,290,14,15,1,6,18,1,3,2,328,22,306,0,11,34,9,13,22,10,12,20,2,0,305,1,339,306,22,2,45,41,0.136812390149089,2.40436561248543
8,8,51,101,PASCO,2000-05-16T00:00:00.000Z,21260807285.8637,739390.643597644,51,Pasco,FL,8,51,101,761,17,24,45,91,107,135,141,122,61,18,0,0,0,3,4,5,10,5,7,0,0,0,0 to 95,50,18 to 73,33,0,462,298,1,751,10,0,66,661,34,17,12,5,22,7,5,2,748,34,713,1,13,70,38,23,34,14,20,33,1,0,706,7,761,713,34,2,139,72,0.181730911146815,2.21152384025129
9,9,20,039,GADSDEN,2000-05-16T00:00:00.000Z,14744963472.2481,673612.426077503,20,Gadsden,FL,9,20,39,37,2,0,2,7,5,7,4,6,3,1,0,0,0,0,0,0,1,0,0,0,0,0,0 to 90,48,54 to 54,1,0,22,15,0,36,0,1,3,31,3,0,1,0,0,1,0,0,37,1,36,0,0,1,3,2,1,1,0,0,0,1,36,0,37,36,1,0,1,1,0.128633605824916,2.03339191189709
10,10,37,073,LEON,2000-05-16T00:00:00.000Z,19584016138.2098,807989.691181563,37,Leon,FL,10,37,73,428,10,11,57,81,65,57,71,51,19,6,0,0,0,1,4,6,2,4,0,0,0,0,0 to 95,44,19 to 60,15,0,264,163,1,424,3,1,12,395,21,7,1,9,14,0,3,0,427,17,410,0,1,9,18,11,17,9,8,14,2,1,409,1,428,410,17,0,92,59,0.170704044219292,2.4286163213721
11,11,33,065,JEFFERSON,2000-05-16T00:00:00.000Z,17033402669.7849,749466.142282919,33,Jefferson,FL,11,33,65,12,2,1,1,1,0,1,6,0,0,0,0,0,0,0,0,0,0,0,0,0,0,0,1 to 64,39,NA,0,0,5,7,0,12,0,0,1,11,0,0,0,0,0,0,0,0,12,0,12,0,0,1,0,0,0,0,0,0,0,0,12,0,12,12,0,0,7,1,0.148496656273664,2.20493094417238
12,12,40,079,MADISON,2000-05-16T00:00:00.000Z,19954266828.3091,719422.161444634,40,Madison,FL,12,40,79,21,0,0,1,4,1,6,2,4,1,2,0,0,0,0,0,0,0,0,0,0,0,0,21 to 88,53,NA,0,0,16,5,0,21,0,0,2,19,0,0,0,0,0,0,0,0,21,0,21,0,0,2,0,0,0,0,0,0,0,0,21,0,21,21,0,0,0,0,0.174026329932531,2.16969164096843
13,13,39,077,LIBERTY,2000-05-16T00:00:00.000Z,23545304208.6892,1014156.81652576,39,Liberty,FL,13,39,77,2,0,0,0,1,0,0,0,0,1,0,0,0,0,0,0,0,0,0,0,0,0,0,29 to 76,52,NA,0,0,0,2,0,2,0,0,0,2,0,0,0,0,0,0,0,0,2,0,2,0,0,0,0,0,0,0,0,0,0,0,2,0,2,2,0,0,0,0,0.204641327119816,3.02097391915482
14,14,24,047,HAMILTON,2000-05-16T00:00:00.000Z,14477960107.7779,763034.416582444,24,Hamilton,FL,14,24,47,16,0,0,3,0,3,1,3,0,4,2,0,0,0,0,0,0,0,0,0,0,0,0,23 to 93,57,NA,0,0,6,10,0,15,1,0,5,10,1,0,0,0,0,0,0,0,14,0,14,0,2,3,1,3,0,0,0,0,0,0,14,0,16,14,0,0,2,0,0.126367835571273,2.3015236638577
15,15,3,005,BAY,2000-05-16T00:00:00.000Z,20842319162.9517,1834701.30277606,3,Bay,FL,15,3,5,91,3,3,4,17,10,15,23,8,7,1,0,0,0,0,0,1,1,1,2,0,0,0,0 to 90,48,44 to 74,4,0,48,40,3,89,2,0,15,54,22,4,0,1,4,0,1,0,90,5,85,0,1,14,15,9,5,4,1,4,1,0,84,1,91,85,5,0,11,9,0.181027420621376,5.42268519828761
16,16,12,023,COLUMBIA,2000-05-16T00:00:00.000Z,22266487302.2026,905417.470831242,12,Columbia,FL,16,12,23,134,11,12,12,11,19,17,22,18,9,2,1,0,0,0,0,0,2,0,1,0,0,0,1 to 98,43,46 to 70,3,0,78,56,0,132,2,0,43,87,4,0,3,0,3,0,0,0,91,3,87,1,43,38,30,12,3,1,2,3,0,0,86,1,134,87,3,0,4,4,0.193837653608398,2.63367861758089
17,17,2,003,BAKER,2000-05-16T00:00:00.000Z,16362161453.2611,602717.294368568,2,Baker,FL,17,2,3,52,0,3,4,6,3,12,5,6,9,4,0,0,0,0,0,0,0,2,1,2,2,0,5 to 97,53,55 to 97,7,0,38,13,1,51,1,0,39,10,3,5,1,1,5,0,2,0,51,7,44,0,1,13,16,12,7,3,4,7,0,0,43,1,52,44,7,0,1,0,0.14260223695328,1.77124518958546
18,18,30,059,HOLMES,2000-05-16T00:00:00.000Z,13514831669.2324,577279.375441074,30,Holmes,FL,18,30,59,26,3,2,0,2,3,8,3,3,1,0,1,0,0,0,0,0,0,0,0,0,0,0,0 to 79,43,NA,0,0,16,5,5,26,0,0,1,25,0,0,0,0,0,0,0,0,21,0,21,0,5,0,1,0,0,0,0,0,0,0,21,0,26,21,0,0,2,2,0.11799293374952,1.73644592186921
19,19,43,085,MARTIN,2000-05-16T00:00:00.000Z,18163212069.3958,1014294.81270012,43,Martin,FL,19,43,85,226,1,3,14,17,27,28,36,51,29,20,0,0,0,0,2,3,7,5,4,5,0,0,2 to 99,58,26 to 80,26,0,131,87,8,226,0,0,16,198,12,15,4,7,19,4,3,0,224,26,198,0,2,16,11,9,26,16,9,26,0,0,198,0,226,198,26,0,42,36,0.153458428359954,2.97866994052085
20,20,29,057,HILLSBOROUGH,2000-05-16T00:00:00.000Z,29564028944.0196,1177196.95995299,29,Hillsborough,FL,20,29,57,3270,121,96,310,635,571,479,436,347,187,85,3,2,7,24,45,35,38,28,19,7,1,0,0 to 102,44,0 to 86,200,0,1915,1334,21,3231,39,0,147,3019,104,69,80,57,146,30,30,2,3263,206,3057,0,7,158,90,118,206,106,97,200,6,0,3025,32,3270,3057,206,2,517,209,0.251838053049141,3.45236135962878
21,21,41,081,MANATEE,2000-05-16T00:00:00.000Z,20940887080.7074,1218253.44408563,41,Manatee,FL,21,41,81,282,7,6,18,26,31,43,40,60,27,23,1,0,1,0,2,1,6,10,8,4,0,0,0 to 100,54,14 to 83,32,0,154,126,2,278,4,0,38,232,12,3,20,9,12,7,13,1,277,32,245,0,5,25,46,20,32,17,15,32,0,0,241,4,282,245,32,1,107,49,0.177648040277973,3.59179695002848
22,22,10,019,CLAY,2000-05-16T00:00:00.000Z,17948500957.6093,603117.810216635,10,Clay,FL,22,10,19,302,1,6,18,27,46,73,64,38,21,8,0,0,0,2,4,0,8,4,4,3,1,0,1 to 97,51,21 to 94,26,0,179,121,2,300,2,0,68,218,16,10,4,12,11,3,12,4,299,26,273,0,3,39,20,27,26,14,12,26,0,0,271,2,302,273,26,4,30,18,0.155892403786538,1.77574995677039
23,23,25,049,HARDEE,2000-05-16T00:00:00.000Z,17792803499.7252,543261.536630456,25,Hardee,FL,23,25,49,12,0,0,0,1,2,2,2,5,0,0,0,0,0,0,0,0,0,0,0,0,0,0,30 to 71,56,NA,0,0,7,5,0,11,1,0,1,10,1,0,0,0,0,0,0,0,12,0,12,0,0,1,1,0,0,0,0,0,0,0,11,1,12,12,0,0,0,0,0.15097302169238,1.60075687912497
24,24,42,083,MARION,2000-05-16T00:00:00.000Z,46334209241.8729,1151393.60736949,42,Marion,FL,24,42,83,542,11,15,43,48,71,84,80,112,51,27,0,0,0,2,3,2,4,2,4,0,1,0,0 to 119,53,19 to 88,17,0,319,213,10,540,2,0,27,480,35,14,0,4,16,0,2,0,408,18,390,0,134,75,189,29,18,6,12,17,1,0,390,0,542,390,18,0,62,57,0.399426439007584,3.40272879514356
25,25,64,127,VOLUSIA,2000-05-16T00:00:00.000Z,33645647575.2893,1837935.99794766,65,Volusia,FL,25,64,127,528,14,14,34,75,85,62,90,95,47,11,1,0,0,3,4,7,9,4,13,3,1,0,0 to 94,50,17 to 89,43,0,333,190,5,524,4,0,46,432,50,28,4,12,30,3,11,1,522,44,478,0,6,31,30,39,44,18,26,43,1,0,475,3,528,478,44,1,154,103,0.289588880470774,5.33119702136491
26,26,15,029,DIXIE,2000-05-16T00:00:00.000Z,19634949247.4401,771892.949471238,15,Dixie,FL,26,15,29,27,1,1,3,2,6,1,5,7,1,0,0,0,0,0,0,0,0,0,0,0,0,0,2 to 78,47,NA,0,0,13,14,0,27,0,0,4,23,0,0,0,0,0,0,0,0,27,0,27,0,0,6,0,0,0,0,0,0,0,0,27,0,27,27,0,0,0,0,0.169869356771869,2.28600352171305
27,27,35,069,LAKE,2000-05-16T00:00:00.000Z,32245515394.3939,1085414.36113151,35,Lake,FL,27,35,69,807,26,10,58,75,89,115,141,137,122,33,1,0,0,2,2,5,4,9,7,8,1,0,0 to 99,54,21 to 85,34,0,473,304,30,799,8,0,36,742,29,5,17,16,19,10,9,0,800,38,761,1,7,40,18,24,38,20,18,34,4,0,759,3,807,762,38,0,107,80,0.276793966542982,3.13721776927308
28,28,38,075,LEVY,2000-05-16T00:00:00.000Z,31222846964.6387,1113561.30402576,38,Levy,FL,28,38,75,63,3,3,2,12,6,6,7,14,9,1,0,0,0,0,0,0,0,1,0,0,0,0,0 to 87,50,64 to 64,1,0,42,21,0,63,0,0,10,53,0,1,0,0,1,0,0,0,63,1,62,0,0,4,3,2,1,0,1,1,0,0,62,0,63,62,1,0,3,2,0.26941783900088,3.28561267581298
29,29,60,119,SUMTER,2000-05-16T00:00:00.000Z,16171035313.1481,751914.035739446,60,Sumter,FL,29,60,119,596,3,6,9,13,17,40,83,279,137,9,0,0,0,1,0,1,3,0,22,11,2,0,0 to 96,66,18 to 92,40,0,338,257,1,596,0,0,28,537,31,13,10,17,18,9,13,0,590,40,545,5,6,61,23,21,40,21,19,40,0,0,545,0,596,545,40,0,24,21,0.138739000573651,2.17022236887083
30,30,59,117,SEMINOLE,2000-05-16T00:00:00.000Z,9616121249.97192,520365.445917892,57,Seminole,FL,30,59,117,826,16,20,73,139,140,133,127,105,38,35,0,0,0,4,16,10,12,15,10,1,0,0,0 to 104,47,19 to 76,66,0,504,312,10,821,5,0,59,724,43,24,17,27,41,13,14,0,797,68,729,0,29,64,33,36,68,29,39,66,2,0,726,3,826,729,68,0,170,141,0.0825017178208327,1.54465854985956
31,31,48,095,ORANGE,2000-05-16T00:00:00.000Z,28006104673.618,903213.715428867,48,Orange,FL,31,48,95,2404,95,68,214,373,404,389,370,277,143,71,0,0,1,21,26,41,48,39,15,18,4,0,0 to 99,46,9 to 90,199,0,1348,1043,13,2326,77,1,107,2227,70,45,111,57,73,96,44,4,2389,213,2176,0,15,88,69,53,213,125,87,198,14,1,2113,63,2404,2176,213,4,366,216,0.239823210192753,2.69541534678978
32,32,9,017,CITRUS,2000-05-16T00:00:00.000Z,16847060705.6176,796979.404269785,9,Citrus,FL,32,9,17,184,3,3,12,21,12,24,41,30,26,12,0,0,0,1,2,2,1,6,0,2,1,0,1 to 97,56,17 to 87,15,0,109,71,4,183,1,0,72,98,14,2,11,2,10,2,3,1,178,15,163,0,6,26,42,19,15,7,8,15,0,0,162,1,184,163,15,1,90,37,0.144732057650344,2.36078129171821
33,33,27,053,HERNANDO,2000-05-16T00:00:00.000Z,13561044546.5447,658252.887531729,27,Hernando,FL,33,27,53,217,5,8,14,27,25,36,33,40,19,10,0,0,0,2,4,0,0,1,5,1,1,0,0 to 93,51,19 to 85,14,0,128,88,1,210,7,0,55,142,20,9,2,3,11,1,2,0,216,14,202,0,1,37,59,10,14,6,8,14,0,0,195,7,217,202,14,0,24,20,0.116176883037724,1.97468350184421
34,34,52,103,PINELLAS,2000-05-16T00:00:00.000Z,8169203571.8812,1167816.84045851,52,Pinellas,FL,34,52,103,1956,33,29,119,252,241,312,356,356,165,90,3,0,0,10,13,10,17,25,24,12,0,0,0 to 104,52,15 to 83,100,0,1118,825,13,1928,28,0,201,1611,144,42,28,41,58,20,33,4,1900,111,1788,1,56,239,22,60,111,67,44,100,11,0,1772,17,1956,1789,111,4,227,162,0.0695827304341492,3.37527233635509
35,35,61,121,SUWANNEE,2000-05-16T00:00:00.000Z,19295996990.3474,731987.008657942,61,Suwannee,FL,35,61,121,56,0,2,4,5,6,7,9,15,6,2,0,0,0,0,0,0,1,0,0,0,0,0,7 to 86,55,51 to 51,1,0,40,14,2,56,0,0,32,21,3,0,0,1,1,0,0,0,45,1,44,0,11,33,6,1,1,0,1,1,0,0,44,0,56,44,1,0,5,4,0.167912477110349,2.13933971528732
36,36,16,031,DUVAL,2000-05-16T00:00:00.000Z,22997044775.8865,1114099.40129032,16,Duval,FL,36,16,31,2116,32,33,136,296,319,332,318,244,189,212,5,0,1,5,6,19,26,20,14,15,14,0,0 to 104,53,13 to 97,114,0,1239,816,61,2102,14,0,140,1945,31,12,92,16,16,82,22,3,1895,120,1774,1,221,193,67,71,120,50,59,114,6,0,1768,7,2116,1775,120,3,157,129,0.200425275894077,3.27411455353061
37,37,34,067,LAFAYETTE,2000-05-16T00:00:00.000Z,15264572234.9149,634013.230316393,34,Lafayette,FL,37,34,67,9,0,0,1,1,2,0,1,2,1,1,0,0,0,0,0,0,0,0,0,0,0,0,19 to 86,54,NA,0,0,5,4,0,9,0,0,3,6,0,0,0,0,0,0,0,0,9,0,9,0,0,3,0,0,0,0,0,0,0,0,9,0,9,9,0,0,0,0,0.132542672340151,1.87054630069585
38,38,23,045,GULF,2000-05-16T00:00:00.000Z,15857514470.4584,850272.421627332,23,Gulf,FL,38,23,45,32,0,2,2,4,3,5,6,7,3,0,0,0,0,0,0,0,0,0,0,0,0,0,8 to 77,51,NA,0,0,18,14,0,30,2,0,13,11,8,0,0,0,0,0,0,0,32,0,32,0,0,12,9,1,0,0,0,0,0,0,30,2,32,32,0,0,2,1,0.137366647973977,2.48127035884172
39,39,63,125,UNION,2000-05-16T00:00:00.000Z,6963394478.96307,420643.595360959,63,Union,FL,39,63,125,34,1,1,2,5,7,7,4,5,2,0,0,0,0,0,0,0,0,0,0,0,0,0,3 to 84,47,NA,0,0,18,16,0,34,0,0,4,27,3,0,0,0,0,0,0,0,33,0,33,0,1,6,4,0,0,0,0,0,0,0,33,0,34,33,0,0,1,0,0.0605152418579564,1.26448361984134
40,40,4,007,BRADFORD,2000-05-16T00:00:00.000Z,8359862626.37378,548326.687246681,4,Bradford,FL,40,4,7,53,0,0,5,6,2,11,9,8,8,4,0,0,0,0,0,0,0,0,1,0,0,0,19 to 92,57,69 to 69,1,0,31,21,1,53,0,0,18,35,0,0,1,0,0,0,1,0,53,1,52,0,0,7,11,6,1,1,0,1,0,0,52,0,53,52,1,0,13,13,0.0725862816580047,1.60231094057636
41,41,65,129,WAKULLA,2000-05-16T00:00:00.000Z,17022505120.6189,916733.867149366,66,Wakulla,FL,41,65,129,38,0,2,2,4,6,10,8,2,2,2,0,0,0,0,0,0,0,0,0,0,0,0,7 to 93,49,NA,0,0,26,12,0,38,0,0,4,34,0,0,0,0,0,0,0,0,38,0,38,0,0,4,0,0,0,0,0,0,0,0,38,0,38,38,0,0,15,14,0.147928217269509,2.72889764415906
42,42,5,009,BREVARD,2000-05-16T00:00:00.000Z,28936951380.6763,2600567.11621827,5,Brevard,FL,42,5,9,446,6,11,23,62,58,57,100,64,42,22,1,1,0,3,4,3,3,8,4,1,0,0,1 to 97,52,1 to 76,25,0,263,178,5,444,2,0,65,365,16,15,5,7,21,3,3,0,436,27,409,0,10,43,19,16,27,20,7,25,2,0,409,0,446,409,27,0,102,74,0.247147786915775,7.43388258408546
43,43,53,105,POLK,2000-05-16T00:00:00.000Z,56039729499.5993,1273587.97322649,53,Polk,FL,43,53,105,711,13,16,60,87,93,117,128,106,73,18,0,0,1,2,6,7,5,7,3,5,1,0,0 to 97,50,8 to 88,37,0,421,283,7,707,4,0,97,569,45,16,4,17,20,4,13,0,661,37,624,0,50,88,19,32,37,18,19,37,0,0,620,4,711,624,37,0,66,38,0.477444147538563,3.74731907462886
44,44,49,097,OSCEOLA,2000-05-16T00:00:00.000Z,41974373975.6891,1149911.15232981,49,Osceola,FL,44,49,97,574,11,15,47,107,105,90,84,70,35,8,2,0,0,7,12,13,16,12,9,4,1,0,0 to 97,46,18 to 91,70,0,325,247,2,565,9,0,121,367,86,28,19,27,35,19,20,0,511,74,437,0,63,127,34,68,74,39,35,70,4,0,434,3,574,437,74,0,105,71,0.357928281930981,3.3752685802766
45,45,28,055,HIGHLANDS,2000-05-16T00:00:00.000Z,30858531275.5408,973257.170083551,28,Highlands,FL,45,28,55,75,2,0,4,16,9,6,13,11,12,2,0,0,0,0,3,1,0,1,1,4,0,0,1 to 89,51,28 to 78,10,0,47,20,8,75,0,0,4,63,8,5,2,3,6,2,2,1,55,10,44,1,20,7,4,3,10,3,6,10,0,0,44,0,75,44,10,1,23,21,0.261466143529105,2.84124661922134
46,46,36,071,LEE,2000-05-16T00:00:00.000Z,22734524817.4646,1913267.0220598,36,Lee,FL,46,36,71,1388,19,18,76,158,181,207,241,271,167,49,1,0,1,7,8,14,8,19,28,30,4,0,1 to 97,54,10 to 94,112,0,826,552,10,1375,12,1,159,1196,33,47,38,34,57,27,35,6,1370,119,1251,0,18,47,41,129,119,68,51,111,7,1,1247,4,1388,1251,119,6,310,268,0.191375285049844,5.53875412301
47,47,11,021,COLLIER,2000-05-16T00:00:00.000Z,55941206045.6423,1903355.15661929,11,Collier,FL,47,11,21,974,6,13,54,115,95,142,172,172,149,56,0,0,0,7,16,3,10,18,13,23,5,0,0 to 94,56,17 to 94,83,0,546,419,9,931,43,0,167,744,63,39,30,26,69,14,12,0,929,95,834,0,45,117,53,56,95,53,42,83,12,0,805,29,974,834,95,0,173,168,0.469024645858553,5.510854351744
48,48,13,025,MIAMI-DADE,2000-05-16T00:00:00.000Z,55073375763.8941,1774363.00496543,13,Dade,FL,48,13,25,7314,105,138,518,1264,1320,1332,1125,811,463,224,14,2,9,80,211,210,233,165,125,64,20,2,0 to 120,48,3 to 120,1098,0,3749,3491,74,7245,68,1,372,6687,255,81,767,273,271,759,91,3,7211,1121,6085,5,103,225,301,347,1121,653,456,1097,23,1,6046,42,7314,6088,1121,3,1321,1157,0.459639407437294,5.08399988209391
49,49,44,087,MONROE,2000-05-16T00:00:00.000Z,28308543761.6011,4591181.83897766,44,Monroe,FL,49,44,87,191,1,1,12,26,25,37,44,27,9,9,0,0,0,3,1,1,8,3,2,4,0,0,4 to 92,52,19 to 80,19,0,106,83,2,178,13,0,33,123,35,5,13,4,16,2,4,0,139,22,117,0,52,40,61,13,22,13,9,19,3,0,110,7,191,117,22,0,59,56,0.23593160859366,13.2628040867439
50,50,57,113,SANTA ROSA,2000-05-16T00:00:00.000Z,28109274128.0588,1198564.1555946,55,Santa Rosa,FL,50,57,113,219,12,10,14,33,37,35,24,36,15,3,0,2,0,2,2,0,2,1,5,2,0,0,0 to 90,45,0 to 81,16,0,134,84,1,219,0,0,22,187,10,6,2,8,9,0,7,1,216,16,200,0,3,23,4,7,16,10,6,16,0,0,200,0,219,200,16,1,271,249,0.24455885946486,3.55202924270698
51,51,66,131,WALTON,2000-05-16T00:00:00.000Z,29260992908.4669,1216747.48888053,67,Walton,FL,51,66,131,99,5,3,9,8,15,22,17,13,5,2,0,0,0,3,0,1,3,3,2,3,0,0,1 to 97,47,20 to 79,8,0,59,40,0,90,9,0,31,42,26,9,1,5,10,1,4,0,98,15,83,0,1,15,30,12,15,6,9,8,7,0,81,2,99,83,15,0,8,4,0.254870622162116,3.60138877906906
52,52,32,063,JACKSON,2000-05-16T00:00:00.000Z,26457674355.9754,735287.597926583,32,Jackson,FL,52,32,63,68,0,0,9,12,11,8,12,6,6,3,1,0,0,0,1,0,0,0,0,0,0,0,20 to 88,48,33 to 33,0,0,38,23,7,66,2,0,12,44,12,1,0,0,1,0,0,0,61,1,60,0,7,17,5,3,1,1,0,0,1,0,59,1,68,60,1,0,7,4,0.2310932807261,2.21646510886719
53,53,67,133,WASHINGTON,2000-05-16T00:00:00.000Z,17212291868.187,801011.879871898,68,Washington,FL,53,67,133,35,0,1,2,4,7,4,5,8,4,0,0,0,0,0,0,0,1,0,0,0,0,0,5 to 84,52,53 to 53,1,0,17,11,7,35,0,0,11,20,4,0,1,0,0,0,1,0,28,1,27,0,7,13,1,2,1,1,0,1,0,0,27,0,35,27,1,0,7,7,0.149981584511352,2.37953061583229
54,54,45,089,NASSAU,2000-05-16T00:00:00.000Z,17668341931.5773,1275144.97327404,45,Nassau,FL,54,45,89,87,1,2,3,7,11,10,23,17,8,5,0,0,0,0,0,0,1,2,4,0,0,0,4 to 92,55,50 to 73,7,0,51,36,0,86,1,0,6,70,11,2,2,3,5,0,2,0,87,7,80,0,0,14,2,5,7,4,3,7,0,0,79,1,87,80,7,0,11,10,0.154419685912671,3.75942131276634
55,55,22,043,GLADES,2000-05-16T00:00:00.000Z,27470534483.1281,776973.436241095,22,Glades,FL,55,22,43,4,0,0,0,0,1,1,1,1,0,0,0,0,0,0,0,0,0,0,0,0,0,0,39 to 69,53,NA,0,0,1,3,0,4,0,0,0,4,0,0,0,0,0,0,0,0,4,0,4,0,0,0,0,0,0,0,0,0,0,0,4,0,4,4,0,0,1,1,0.231957009644475,2.27684337207949
56,56,8,015,CHARLOTTE,2000-05-16T00:00:00.000Z,19647662652.4031,1306868.96108577,8,Charlotte,FL,56,8,15,211,3,3,12,11,22,26,38,58,25,12,1,0,0,0,0,1,4,3,4,3,1,0,0 to 96,58,43 to 93,16,0,118,85,8,209,2,0,12,197,2,2,12,2,5,9,2,0,206,16,190,0,5,9,1,4,16,7,9,16,0,0,189,1,211,190,16,0,54,48,0.165856243910412,3.83218059272218
57,57,58,115,SARASOTA,2000-05-16T00:00:00.000Z,16244595346.2406,866480.222854252,56,Sarasota,FL,57,58,115,699,7,7,33,52,51,84,102,132,146,85,0,0,0,2,1,3,4,5,13,16,6,0,0 to 99,62,21 to 90,42,0,367,329,3,672,27,0,306,360,33,18,12,20,22,9,19,2,672,50,622,0,27,257,44,61,50,26,24,42,8,0,607,15,699,622,50,2,158,80,0.137455100861871,2.51442395634828
58,58,14,027,DESOTO,2000-05-16T00:00:00.000Z,17811561535.2703,552611.74528102,14,Desoto,FL,58,14,27,98,2,1,5,23,15,9,16,11,13,3,0,0,0,0,4,0,0,2,0,0,1,0,2 to 91,50,27 to 91,7,0,37,27,34,98,0,0,37,61,0,4,2,1,4,2,1,0,59,7,52,0,39,8,18,15,7,5,2,7,0,0,52,0,98,52,7,0,4,4,0.150723124235356,1.62412905311109
59,59,18,035,FLAGLER,2000-05-16T00:00:00.000Z,13936478366.7697,723300.597094917,18,Flagler,FL,59,18,35,150,1,1,10,19,18,21,28,35,13,4,0,0,0,1,1,1,1,5,3,1,0,0,1 to 93,53,17 to 77,12,0,89,61,0,148,2,0,17,122,11,10,1,2,12,0,1,0,150,13,137,0,0,3,40,11,13,7,6,12,1,0,136,1,150,137,13,0,51,29,0.120416345920148,2.09459077681281
60,60,26,051,HENDRY,2000-05-16T00:00:00.000Z,33164247954.1707,952053.303145101,26,Hendry,FL,60,26,51,39,0,2,2,6,9,4,10,1,3,2,0,0,0,0,0,1,0,0,0,0,0,0,7 to 86,48,39 to 39,1,0,21,18,0,39,0,0,3,35,1,0,1,0,1,0,0,0,38,1,37,0,1,4,3,0,1,0,1,1,0,0,37,0,39,37,1,0,4,4,0.279063453466733,2.75195800128411
61,61,31,061,INDIAN RIVER,2000-05-16T00:00:00.000Z,14211052094.6021,768080.956031033,31,Indian River,FL,61,31,61,222,4,3,16,15,21,26,50,44,30,12,1,0,0,0,3,0,2,3,4,4,0,0,0 to 105,56,25 to 84,15,0,133,85,4,220,2,0,19,175,28,12,0,4,15,0,1,0,215,16,199,0,7,27,8,12,16,7,9,15,1,0,198,1,222,199,16,0,70,49,0.12074147872454,2.23772404810418
62,62,6,011,BROWARD,2000-05-16T00:00:00.000Z,33839548761.036,958026.061896544,6,Broward,FL,62,6,11,8026,78,114,594,1354,1475,1531,1308,950,416,199,7,2,3,89,125,135,140,149,110,41,26,0,0 to 106,48,0 to 97,801,0,3872,3401,753,7938,88,0,701,6950,375,204,348,268,394,327,99,11,7875,820,7053,2,151,361,461,550,820,444,308,801,19,0,6989,65,8026,7054,820,11,695,505,0.283663156598777,2.79197632720633
63,63,17,033,ESCAMBIA,2000-05-16T00:00:00.000Z,19152061307.8204,1448408.40435881,17,Escambia,FL,63,17,33,483,27,20,46,102,63,74,78,51,17,5,0,0,0,3,4,3,8,7,1,1,1,0,0 to 94,42,22 to 94,27,0,311,170,2,452,31,0,27,440,16,12,12,4,24,2,2,0,482,28,454,0,1,22,19,8,28,13,15,27,1,0,424,30,483,454,28,0,49,27,0.166409867704033,4.36918307875198
64,64,47,093,OKEECHOBEE,2000-05-16T00:00:00.000Z,24844271086.3607,893974.023125111,47,Okeechobee,FL,64,47,93,44,0,3,6,4,4,6,9,5,7,0,0,0,0,0,0,0,0,0,0,0,0,0,8 to 84,49,NA,0,0,23,21,0,43,1,0,21,16,7,0,0,0,0,0,0,0,43,0,43,0,1,24,2,1,0,0,0,0,0,0,42,1,44,43,0,0,2,1,0.210545212249372,2.58761126719217
65,65,19,037,FRANKLIN,2000-05-16T00:00:00.000Z,15589551427.4073,1467124.86409578,19,Franklin,FL,65,19,37,15,0,1,1,0,1,2,3,3,4,0,0,0,0,0,0,0,0,0,0,0,0,0,7 to 84,60,NA,0,0,6,9,0,15,0,0,4,10,1,0,0,0,0,0,0,0,15,0,15,0,0,5,1,0,0,0,0,0,0,0,15,0,15,15,0,0,1,1,0.135013808637041,4.43935170101401
66,66,1,001,ALACHUA,2000-05-16T00:00:00.000Z,27023240533.1793,892726.558557937,1,Alachua,FL,66,1,1,1200,58,20,229,246,159,123,131,133,51,29,21,1,0,19,12,7,6,9,10,2,1,1,0 to 101,41,2 to 91,64,0,736,454,10,1186,14,0,175,997,28,11,48,9,17,44,7,0,1179,68,1111,0,21,43,33,9,68,30,37,64,4,0,1101,10,1200,1111,68,0,37,26,0.233996913312694,2.62533240184905
67,67,55,109,ST. JOHNS,2000-05-16T00:00:00.000Z,17847916417.1672,1130719.73111295,58,St. Johns,FL,67,55,109,712,13,18,40,100,116,127,118,108,49,21,2,0,2,3,3,6,12,9,11,3,1,0,0 to 96,50,12 to 91,48,0,399,276,37,707,5,0,126,530,56,21,6,23,32,7,11,2,679,50,629,0,33,91,66,58,50,36,14,48,2,0,627,2,712,629,50,2,80,65,0.154879969133162,3.24633645633305
68,999,999,999,Unknown,,,,64,Unknown,FL,68,999,999,11,0,0,1,3,0,3,2,1,0,1,0,0,0,0,0,0,0,0,0,0,0,0,21 to 95,49,NA,0,0,6,5,0,3,8,0,0,11,0,0,0,0,0,0,0,0,11,0,11,0,0,0,0,0,0,0,0,0,0,0,3,8,11,11,0,0,10,9,0.0365049482570612,0.677301450262072
