ï»¿OBJECTID,OBJECTID_12_13,DEPCODE,COUNTY,COUNTYNAME,County_1,State,PUIsTotal,Age_0_4,Age_5_14,Age_15_24,Age_25_34,Age_35_44,Age_45_54,Age_55_64,Age_65_74,Age_75_84,Age_85plus,Age_Unkn,PUIAgeRange,PUIAgeMedian,PUIFemale,PUIMale,PUISexUnkn,PUIFLRes,PUINotFLRes,PUIFLResOut,PUIContNo,PUIContUnkn,PUIAgeAvrg,PUITravelNo,PUITravelYes,TPositive,TNegative,TInconc,TPending,T_Total_Res,T_LabPrivate_Res,T_LabDOH_Res,T_LabPrivate_NonRes,T_LabDOH_NonRes,C_Female,C_Male,C_SexUnkn,C_AllResTypes,C_Age_0_4,C_Age_5_14,C_Age_15_24,C_Age_25_34,C_Age_35_44,C_Age_45_54,C_Age_55_64,C_Age_65_74,C_Age_75_84,C_Age_85plus,C_Age_Unkn,C_AgeRange,C_AgeMedian,C_RaceWhite,C_RaceBlack,C_RaceOther,C_RaceUnknown,C_HispanicYES,C_HispanicNO,C_HispanicUnk,C_EDYes_Res,C_EDYes_NonRes,C_HospYes_Res,C_HospYes_NonRes,C_NonResDeaths,C_FLResDeaths,CasesAll,C_Men,C_Women,C_FLRes,C_NotFLRes,C_FLResOut,T_NegRes,T_NegNotFLRes,T_total,T_negative,T_positive,Deaths,EverMon,MonNow,MedianAge,SHAPE_Length,SHAPE_Area
1,1,21,041,GILCHRIST,Gilchrist,FL,869,24,25,102,113,123,129,126,111,79,37,0,0 to 118,49,484,377,8,869,0,0,24,692,2,213,3,176,693,0,0,869,151,25,0,0,65,111,0,176,7,7,26,28,28,28,23,16,12,1,0,0 to 94,41,128,15,16,17,29,124,23,11,0,3,0,0,0,176,111,65,176,0,0,2624,0,2805,2624,176,0,282,265,41,1.42926667229121,0.0858306455074465
2,2,54,107,PUTNAM,Putnam,FL,4050,89,176,440,612,518,613,651,458,314,166,13,0 to 118,48,2447,1540,63,4042,8,0,129,3592,133,688,22,871,3175,1,3,4038,496,375,0,0,431,412,28,871,20,82,157,157,130,113,98,58,37,17,2,0 to 100,36,415,246,98,112,160,578,133,137,0,80,0,0,7,871,412,431,871,0,0,8524,8,9408,8532,871,7,241,172,36,2.24642787374222,0.19954202112213
3,3,62,123,TAYLOR,Taylor,FL,1077,35,36,115,168,147,143,178,149,76,26,4,0 to 118,47,610,438,29,1069,8,0,29,801,3,313,28,185,891,1,0,1068,154,29,2,0,99,82,2,183,0,8,40,48,30,21,20,7,9,2,0,6 to 91,33,85,62,21,15,26,129,28,34,0,10,0,0,1,185,82,101,183,2,0,1882,6,2076,1888,185,1,411,310,33,2.58429378620819,0.251180544250225
4,4,46,091,OKALOOSA,Okaloosa,FL,8291,226,188,799,1303,1189,1082,1193,907,764,595,45,0 to 119,48,4912,3286,93,8138,152,1,278,7013,137,862,102,1623,6643,0,25,8114,1466,136,16,5,859,704,39,1602,22,47,295,351,247,206,179,128,83,60,5,0 to 103,38,834,144,104,520,251,727,624,150,3,86,1,0,12,1623,714,870,1601,21,1,17937,131,19712,18068,1623,12,1630,1199,38,3.21429590024741,0.223073367593869
5,5,7,013,CALHOUN,Calhoun,FL,696,7,13,59,73,98,101,125,100,78,42,0,0 to 99,54,413,268,15,696,0,0,18,476,4,165,9,198,497,0,1,695,182,16,0,0,125,73,0,198,1,5,21,25,18,24,30,23,27,24,0,1 to 99,56,150,24,10,14,12,155,31,28,0,20,0,0,7,198,73,125,198,0,0,1201,0,1406,1201,198,7,357,295,56,1.88103049327488,0.139649278946295
6,6,50,099,PALM BEACH,Palm Beach,FL,83966,1376,2154,7328,11167,10700,11927,13657,11626,8047,4357,1627,0 to 119,52,45574,38077,315,83089,875,2,4399,70867,465,14521,459,23713,59882,178,193,82723,23271,205,229,6,11884,11520,72,23476,403,867,3444,4486,3905,3538,3000,1788,1256,995,29,0 to 105,41,8795,3739,3304,7638,6799,8593,8084,2999,42,2164,27,14,638,23711,11645,11991,23474,235,2,174040,636,198763,174676,23711,638,6898,6633,41,4.37197700721313,0.517626395458035
7,7,56,111,ST. LUCIE,St. Lucie,FL,13169,243,319,1063,1722,1747,2067,2194,1905,1219,651,39,0 to 119,52,7627,5273,269,13020,149,0,787,10477,188,2582,97,3301,9657,7,204,12809,3180,105,16,0,1790,1459,36,3285,59,125,452,595,546,553,420,286,156,101,8,0 to 104,42,1050,574,323,1338,624,1122,1539,328,2,257,2,1,72,3301,1468,1797,3285,16,0,27370,130,30843,27500,3301,72,2184,2169,42,2.4043656096016,0.13681239009026
8,8,51,101,PASCO,Pasco,FL,17924,350,463,1725,2420,2520,2840,2955,2499,1492,630,30,0 to 119,50,10136,7679,109,17836,88,0,836,14682,223,2966,163,4489,13386,2,47,17787,4378,88,22,1,2226,2186,54,4466,73,127,745,860,734,705,553,389,206,96,1,0 to 99,40,2471,286,428,1281,738,2212,1516,504,8,303,4,1,40,4489,2197,2238,4466,23,0,45524,65,50119,45589,4489,40,3307,2755,40,2.21152384171728,0.18173091103068
9,9,20,039,GADSDEN,Gadsden,FL,3348,66,138,283,559,575,574,499,407,158,86,3,0 to 119,45,2249,1083,16,3328,19,1,73,2874,46,540,22,721,2625,1,1,3327,696,19,6,0,441,268,6,715,14,47,88,137,149,119,72,49,30,15,1,0 to 98,39,210,278,37,190,102,387,226,121,0,77,0,0,9,721,268,447,714,6,1,6856,13,7607,6869,721,9,584,389,39,2.03339191693402,0.128633605861004
10,10,37,073,LEON,Leon,FL,15134,216,394,2445,2547,2145,2176,2303,1810,704,352,42,0 to 119,43,7873,7112,149,14876,257,1,338,13717,201,1218,112,2709,12412,2,11,14864,2617,37,52,3,1396,1228,30,2654,22,102,1089,532,302,251,238,114,36,13,10,0 to 105,26,730,769,101,1054,165,1151,1338,164,13,71,11,7,10,2709,1256,1423,2653,55,1,38863,198,41853,39061,2709,10,1189,771,26,2.42861632663576,0.170704044186268
11,11,33,065,JEFFERSON,Jefferson,FL,655,17,17,36,63,87,95,127,124,68,20,1,0 to 101,55,386,265,4,649,6,0,15,507,41,138,10,102,552,0,1,648,64,35,3,0,53,46,0,99,2,3,11,18,13,16,15,10,7,7,0,0 to 95,48,47,37,11,4,10,82,7,21,2,13,0,0,4,102,49,53,99,3,0,1566,2,1671,1568,102,4,136,98,48,2.20493093525027,0.148496656229977
12,12,40,079,MADISON,Madison,FL,1440,72,70,151,176,190,203,205,197,114,56,6,0 to 99,48,907,528,5,1414,26,0,49,962,53,550,35,415,1024,0,1,1413,252,157,6,0,249,160,0,409,25,26,55,58,66,71,58,28,10,18,0,0 to 98,41,87,282,22,18,23,337,49,72,0,17,0,1,4,415,162,253,409,6,0,3531,20,3984,3551,415,4,544,444,41,2.16969163731198,0.174026330045279
13,13,39,077,LIBERTY,Liberty,FL,2292,6,10,181,699,565,412,278,96,30,7,8,0 to 105,38,209,2075,8,2292,0,0,4,2006,1,137,4,284,2008,0,0,2292,280,4,0,0,28,255,1,284,2,4,34,67,58,66,44,7,1,1,0,0 to 85,40,165,104,5,10,10,186,88,10,0,5,0,0,1,284,255,28,284,0,0,2368,0,2654,2368,284,1,162,137,40,3.02097391492398,0.204641327093244
14,14,24,047,HAMILTON,Hamilton,FL,2154,29,48,198,563,433,335,253,175,73,43,4,0 to 118,40,542,1590,22,2147,7,0,47,1916,9,448,8,469,1684,0,1,2146,455,10,3,1,151,314,0,465,18,31,68,113,83,71,57,19,7,2,0,0 to 86,35,175,237,35,18,71,232,162,65,1,17,0,0,2,469,317,152,465,4,0,2919,3,3392,2922,469,2,45,43,35,2.3015236652275,0.126367835513063
15,15,3,005,BAY,Bay,FL,4614,55,64,462,689,672,759,795,541,326,195,56,0 to 119,49,2565,1996,53,4551,63,0,297,3853,28,1032,97,1602,3010,0,2,4549,1440,118,42,2,844,711,3,1558,22,32,281,342,278,263,202,115,50,16,1,0 to 96,39,871,185,69,433,172,914,472,165,8,56,3,3,8,1602,739,860,1558,44,0,11915,22,13563,11937,1602,8,153,145,39,5.42268520962735,0.181027420718501
16,16,12,023,COLUMBIA,Columbia,FL,4260,100,123,319,573,597,608,793,623,305,210,9,0 to 119,51,2136,2045,79,4241,19,0,329,3341,63,850,16,1087,3170,0,3,4238,1016,65,6,0,305,776,0,1081,20,33,106,213,209,194,165,98,32,17,0,0 to 97,43,343,225,68,445,71,483,527,16,0,61,0,0,4,1087,781,306,1081,6,0,7656,13,8786,7669,1087,4,40,38,43,2.63367862103558,0.193837653658007
17,17,2,003,BAKER,Baker,FL,1080,35,23,130,164,158,173,173,113,76,33,2,0 to 99,46,590,440,50,1020,60,0,82,862,16,230,5,202,870,0,8,1012,137,65,0,0,98,102,2,202,2,7,31,33,35,31,31,13,15,4,0,1 to 97,43,135,40,8,19,5,169,28,31,0,22,0,0,4,202,102,98,202,0,0,3056,58,3316,3114,202,4,224,223,43,1.77124519435665,0.142602236961311
18,18,30,059,HOLMES,Holmes,FL,1030,18,19,88,160,148,165,173,162,71,25,1,0 to 119,50,491,524,15,1016,14,0,19,784,5,241,12,265,765,0,0,1016,229,31,3,2,55,205,0,260,3,1,33,74,60,43,23,16,8,4,0,1 to 93,38,145,72,10,33,16,189,55,11,0,7,0,0,1,265,206,59,260,5,0,2789,9,3067,2798,265,1,204,198,38,1.73644592497981,0.117992933758262
19,19,43,085,MARTIN,Martin,FL,9180,205,301,806,1054,1151,1204,1509,1472,1031,424,23,0 to 100,53,4547,4206,427,9080,100,0,664,6680,82,2584,90,2985,6156,1,38,9042,2948,17,20,0,1381,1567,17,2965,98,181,471,536,528,469,300,185,136,78,3,0 to 99,38,1128,155,880,802,1555,814,596,457,3,251,2,1,46,2985,1579,1389,2965,20,0,17934,77,21028,18011,2985,46,1455,1444,38,2.97866994211851,0.153458428490643
20,20,29,057,HILLSBOROUGH,Hillsborough,FL,71311,1693,2289,7890,12131,10559,10853,10898,8158,4358,2009,473,0 to 119,45,39974,30868,469,70855,456,0,1603,64277,458,5684,360,21563,49576,22,150,70683,21045,400,109,3,11270,9980,195,21445,439,891,3936,4991,3401,3086,2243,1187,660,362,361,0 to 104,35,6565,2627,2396,9857,4479,5841,11125,1553,12,892,9,3,232,21557,10032,11330,21445,112,0,155733,341,177852,156074,21557,232,5109,4762,35,3.45236134967177,0.251838053021243
21,21,41,081,MANATEE,Manatee,FL,20056,364,615,1706,2293,2341,2686,3456,3532,2147,810,106,0 to 119,54,11194,8552,310,19756,300,0,1252,17348,177,2815,55,5914,14136,4,2,19750,5785,65,64,0,3023,2779,48,5850,118,345,961,1075,971,876,711,430,267,157,3,0 to 101,39,2322,466,458,2604,1326,1651,2873,289,5,380,3,2,143,5914,2810,3053,5850,64,0,55196,234,61375,55430,5914,143,479,381,39,3.59179695196309,0.177648040338128
22,22,10,019,CLAY,Clay,FL,9717,184,270,889,1207,1383,1594,1645,1403,798,322,22,0 to 101,50,5549,4052,116,9694,23,0,411,8362,130,1191,77,1791,7916,1,9,9684,1689,97,5,0,970,811,5,1786,14,59,280,301,284,302,242,167,92,49,1,0 to 100,43,808,314,130,534,164,1030,592,260,0,141,0,0,42,1791,814,972,1786,5,0,22985,18,24806,23003,1791,42,1134,1101,43,1.77574995355385,0.155892403767859
23,23,25,049,HARDEE,Hardee,FL,1548,53,136,235,288,203,198,182,150,75,28,0,0 to 94,37,841,683,24,1540,8,0,72,683,2,775,15,649,899,0,0,1540,439,204,5,1,334,305,4,643,22,69,117,137,97,81,54,46,20,6,0,0 to 87,32,481,71,66,25,449,170,24,101,3,55,3,1,4,649,309,336,643,6,0,2882,2,3535,2884,649,4,1135,1034,32,1.60075687900909,0.150973021686986
24,24,42,083,MARION,Marion,FL,17670,228,324,1337,2173,2127,2544,2924,3123,2042,817,31,0 to 168,55,10643,6968,59,17641,29,0,4573,11065,177,4446,185,2057,15483,0,130,17512,1999,51,6,1,1042,989,19,2050,34,57,316,394,347,310,278,181,102,36,2,0 to 99,40,1317,300,134,299,342,1332,376,326,4,203,0,0,18,2057,990,1048,2050,7,0,31244,20,33342,31264,2057,18,1333,1168,40,3.40272879823586,0.399426438918717
25,25,64,127,VOLUSIA,Volusia,FL,24125,229,438,1724,2781,2711,3483,4739,4278,2335,1120,287,0 to 119,56,13484,10018,623,24008,117,0,817,21523,230,2669,198,4576,19529,0,20,23988,4165,372,31,4,2396,2122,19,4537,55,150,739,869,630,668,622,434,238,157,10,0 to 102,42,1939,592,845,1161,646,2388,1503,592,7,348,5,0,79,4572,2138,2415,4537,35,0,49341,81,54055,49422,4572,79,1899,1277,42,5.33119702869585,0.289588880387825
26,26,15,029,DIXIE,Dixie,FL,910,25,33,77,104,151,113,146,141,78,41,1,0 to 118,51,542,354,14,910,0,0,22,727,6,162,2,146,764,0,0,910,120,26,0,0,80,65,1,146,0,7,19,19,22,17,19,24,15,4,0,6 to 91,50,110,15,1,20,0,120,26,29,0,17,0,0,4,146,65,80,146,0,0,1667,0,1814,1667,146,4,252,197,50,2.28600352325086,0.169869356765238
27,27,35,069,LAKE,Lake,FL,17877,281,338,1268,1908,1878,2311,2836,3029,2109,692,1227,0 to 103,56,9426,7448,1003,17732,145,0,250,16644,222,947,107,3009,14824,0,44,17690,2960,26,23,0,1522,1422,42,2986,50,97,509,589,454,474,403,236,146,46,5,0 to 103,40,894,323,381,1388,385,1055,1546,261,12,159,5,1,34,3009,1434,1532,2986,23,0,43714,120,46873,43834,3009,34,1103,811,40,3.13721776582964,0.276793966603692
28,28,38,075,LEVY,Levy,FL,1954,33,37,205,251,217,265,375,289,198,82,2,0 to 118,54,1122,814,18,1950,4,0,63,1505,16,501,10,311,1643,0,0,1950,279,29,0,3,124,182,2,308,3,7,62,57,46,39,50,28,12,6,1,2 to 99,41,129,29,104,46,115,146,47,36,0,23,0,0,2,311,184,125,308,3,0,3992,1,4315,3993,311,2,460,410,41,3.28561267663391,0.269417839061194
29,29,60,119,SUMTER,Sumter,FL,4416,65,43,139,215,228,351,596,1552,992,150,85,0 to 119,68,2194,2036,186,4337,79,0,255,3669,164,644,83,757,3614,0,45,4292,691,59,6,1,321,422,7,750,1,18,53,48,80,96,113,203,118,27,0,4 to 92,62,438,97,25,190,36,512,202,152,1,93,0,0,19,757,425,325,750,7,0,12144,72,12985,12216,757,19,368,356,62,2.17022236361353,0.138739000630679
30,30,59,117,SEMINOLE,Seminole,FL,20900,293,507,2261,2989,2863,3202,3264,2711,1323,636,851,0 to 119,48,11736,8987,177,20850,50,0,592,18936,246,1486,117,4848,16022,1,29,20821,4761,62,19,0,2574,2207,42,4823,68,128,1067,1046,705,698,495,294,186,155,0,0 to 104,36,1848,451,468,2056,558,1344,2921,424,5,240,1,0,31,4842,2214,2585,4823,19,0,46099,30,51014,46129,4842,31,1564,1321,36,1.54465854506178,0.0825017178217949
31,31,48,095,ORANGE,Orange,FL,80963,1409,1934,8696,13767,12399,12548,11999,8188,3903,1507,4613,0 to 120,44,43662,36789,512,79669,1293,1,1575,76031,585,4747,456,21301,59340,1,321,79349,20844,121,329,5,10353,10419,193,20965,308,523,4329,5547,3671,3042,2140,994,513,216,16,0 to 106,34,4586,2688,3097,10594,2696,4094,14175,1213,50,604,40,5,102,21299,10597,10502,20964,334,1,177375,950,199855,178325,21299,102,2364,2136,34,2.69541534247372,0.239823210111864
32,32,9,017,CITRUS,Citrus,FL,4777,66,94,313,493,448,590,878,1002,677,208,8,0 to 222,59,2680,1928,169,4769,8,0,175,3753,119,688,36,702,4068,1,6,4763,457,244,1,0,352,346,3,701,7,18,94,101,81,105,138,86,53,19,0,0 to 97,50,524,42,43,92,45,537,119,59,0,75,0,0,17,702,346,353,701,1,0,12733,6,13449,12739,702,17,1579,1124,50,2.36078129145224,0.144732057690528
33,33,27,053,HERNANDO,Hernando,FL,4817,85,93,453,659,585,711,821,653,474,279,4,0 to 102,52,2847,1954,16,4791,26,0,319,3760,66,1078,54,1017,3799,0,1,4790,818,186,11,1,511,493,0,1004,13,32,167,189,135,160,135,99,61,25,0,0 to 100,41,700,79,76,149,144,600,260,200,2,105,2,1,13,1016,497,519,1004,12,0,12869,14,13902,12883,1016,13,1242,1191,41,1.97468349274389,0.11617688304957
34,34,52,103,PINELLAS,Pinellas,FL,47386,504,797,3873,6586,5666,6809,8578,7457,4552,2477,87,0 to 120,54,27044,20216,126,47025,361,0,3472,39288,411,10197,448,12370,34975,1,40,46984,12096,182,83,7,6583,5644,51,12278,165,400,1938,2678,1685,1720,1599,994,701,480,8,0 to 104,40,5500,2138,705,3935,979,6680,4619,1357,20,1041,18,2,295,12368,5695,6622,12278,90,0,118397,268,131127,118665,12368,295,1019,927,40,3.37527233690315,0.0695827304540653
35,35,61,121,SUWANNEE,Suwannee,FL,2748,87,107,272,372,341,339,410,337,254,218,11,0 to 118,50,1688,986,74,2731,17,0,98,2025,110,881,23,835,1913,0,0,2731,702,116,14,3,466,342,10,818,32,60,131,127,125,118,91,67,53,30,1,0 to 102,40,399,121,166,132,271,396,151,120,1,73,0,0,22,835,348,477,818,17,0,4683,0,5524,4683,835,22,191,187,40,2.13933972018078,0.167912477075967
36,36,16,031,DUVAL,Duval,FL,61140,1034,1539,6654,10876,9189,9253,9998,7096,3565,1802,134,-6 to 119,46,33443,26924,773,60437,703,0,1318,55521,454,4200,240,14993,46038,11,98,60332,13750,1070,157,15,7794,6936,90,14820,187,532,2622,3721,2573,2118,1643,917,424,246,9,0 to 102,36,3729,4606,1297,5188,1278,7046,6496,789,24,450,12,4,89,14992,7031,7868,14820,172,0,135544,520,151246,136064,14992,89,3860,3743,36,3.27411455760684,0.200425275865001
37,37,34,067,LAFAYETTE,Lafayette,FL,398,7,3,47,51,43,40,49,55,57,45,1,0 to 119,57,249,140,9,398,0,0,11,337,0,32,1,67,331,0,0,398,60,7,0,0,34,30,3,67,2,3,7,14,5,10,12,9,2,3,0,3 to 98,48,36,12,7,12,11,44,12,13,0,4,0,0,0,67,30,34,67,0,0,650,0,719,650,67,0,44,44,48,1.87054630268957,0.132542672355777
38,38,23,045,GULF,Gulf,FL,756,15,26,66,81,79,132,142,128,67,20,0,0 to 94,53,435,318,3,696,60,0,36,593,1,132,16,118,638,0,0,696,109,3,6,0,62,50,0,112,1,5,22,17,19,31,12,9,1,1,0,2 to 89,42,70,34,3,5,12,94,6,24,1,7,1,0,0,118,55,63,112,6,0,2311,54,2487,2365,118,0,211,208,42,2.48127035962968,0.137366647942991
39,39,63,125,UNION,Union,FL,1273,12,28,84,86,120,148,417,289,75,14,0,0 to 118,59,362,905,6,1273,0,0,37,1144,4,162,5,133,1140,0,0,1273,104,29,0,0,43,90,0,133,1,8,28,15,11,10,33,23,4,0,0,4 to 84,51,87,35,4,7,6,115,12,17,0,13,0,0,2,133,90,43,133,0,0,2629,0,2763,2629,133,2,193,191,51,1.26448361855685,0.0605152419302145
40,40,4,007,BRADFORD,Bradford,FL,1594,24,34,145,204,188,238,303,196,153,103,6,0 to 118,53,995,576,23,1592,2,0,59,1399,34,252,2,173,1420,0,1,1591,108,65,0,0,103,70,0,173,2,9,27,20,27,29,16,12,19,12,0,1 to 107,46,115,44,7,7,6,155,12,26,0,19,0,0,2,173,70,103,173,0,0,3194,2,3372,3196,173,2,372,340,46,1.60231093560507,0.0725862816422102
41,41,65,129,WAKULLA,Wakulla,FL,1488,21,37,133,180,211,249,278,225,113,40,1,0 to 102,51,811,667,10,1483,5,0,42,1250,13,280,8,223,1265,0,0,1483,195,25,2,1,95,125,0,220,1,3,43,40,43,39,35,11,6,2,0,3 to 86,40,118,42,7,53,12,149,59,28,0,12,0,0,1,223,126,97,220,3,0,3195,2,3428,3197,223,1,315,240,40,2.72889764150517,0.147928217310253
42,42,5,009,BREVARD,Brevard,FL,22685,292,425,1744,2523,2559,3172,4798,4170,2220,634,148,0 to 119,56,12728,9847,110,22661,24,0,894,20591,107,2813,126,3805,18869,0,11,22650,3702,84,15,3,1957,1814,15,3786,42,92,771,767,563,541,479,284,154,110,1,0 to 101,38,2007,287,284,1208,558,1943,1285,487,4,247,3,0,44,3804,1821,1968,3786,18,0,59957,6,63806,59963,3804,44,1211,1153,38,7.43388258345288,0.247147786992
43,43,53,105,POLK,Polk,FL,25755,626,842,2503,3835,3679,3726,3795,3425,2098,893,333,0 to 119,48,14376,11089,290,25646,109,0,1044,21930,231,3656,176,8498,17230,1,26,25619,7733,735,25,5,4375,3972,121,8468,155,373,1303,1719,1525,1243,946,638,379,216,1,0 to 103,39,3714,1378,702,2674,1948,3293,3227,1030,10,619,5,1,159,8498,3984,4393,8468,30,0,60301,75,68946,60376,8498,159,2711,2141,39,3.74731907845249,0.477444147523754
44,44,49,097,OSCEOLA,Osceola,FL,17921,260,544,1668,2916,2808,2963,2742,2002,991,346,681,0 to 155,46,9802,8007,112,17818,103,0,1432,14642,390,2342,226,5271,12582,2,66,17751,5151,44,73,2,2639,2514,42,5195,70,180,801,1248,984,895,557,319,172,41,3,0 to 102,38,1572,256,1451,1916,2006,849,2340,500,9,247,7,2,37,5270,2565,2662,5195,75,0,36314,27,41692,36341,5270,37,2021,1510,38,3.37526858197538,0.357928282021791
45,45,28,055,HIGHLANDS,Highlands,FL,4296,79,83,248,473,407,511,674,767,669,365,20,0 to 119,60,2555,1707,34,4230,66,0,113,3719,47,537,34,656,3634,0,6,4224,590,63,3,0,340,312,1,653,16,21,79,104,89,97,109,69,61,11,0,0 to 95,47,357,125,99,72,204,354,95,150,2,98,1,0,13,656,315,340,653,3,0,10965,63,11698,11028,656,13,809,695,47,2.84124660964211,0.261466143584495
46,46,36,071,LEE,Lee,FL,35306,459,700,3379,4850,4706,5086,5588,5376,3497,1600,65,0 to 119,52,19798,15186,322,34190,1115,1,1153,30284,613,4828,209,11724,23556,2,24,34165,11127,350,238,6,5926,5401,150,11477,185,356,1880,2279,1897,1815,1448,892,564,395,10,0 to 101,41,4958,1150,367,5002,2759,3525,5193,1417,18,765,15,4,206,11721,5532,6033,11476,244,1,73686,868,86303,74554,11721,206,3318,1716,41,5.53875412350018,0.191375285005442
47,47,11,021,COLLIER,Collier,FL,20640,541,830,2280,2581,2707,2793,2949,2954,2226,741,38,0 to 105,49,10945,9547,148,20262,378,0,815,15904,356,4506,191,7077,13410,3,150,20109,6620,357,83,16,3483,3456,38,6977,193,364,1287,1202,1206,1081,844,457,310,132,0,0 to 101,38,3353,358,510,2756,2885,1496,2596,775,22,497,12,6,100,7076,3513,3520,6977,99,0,39692,279,47091,39971,7076,100,4783,3800,38,5.51085434088275,0.469024646004233
48,48,13,025,DADE,Dade,FL,210842,2510,4133,19297,35785,34233,38103,34316,22351,12462,6956,696,0 to 225,47,109332,100266,1244,209183,1658,1,5226,188556,2785,22998,1058,75427,135138,95,182,208908,73665,1058,693,9,37482,37017,224,74723,913,1951,9357,14794,12787,13465,10521,6069,3375,2101,92,0 to 108,43,27500,7849,2699,36675,28632,9698,36393,8563,57,4570,32,15,1246,75425,37376,37800,74722,702,1,384967,939,462196,385906,75425,1246,7381,6641,43,5.08399988470576,0.459639407492568
49,49,44,087,MONROE,Monroe,FL,4501,62,90,328,611,627,764,918,671,317,110,3,0 to 101,52,2330,2154,17,4412,89,0,1366,2350,83,982,141,715,3748,0,38,4377,673,23,15,4,312,378,6,696,16,26,75,140,118,124,88,76,36,14,2,0 to 100,43,356,24,13,303,173,216,307,99,5,38,4,0,6,715,389,320,696,19,0,7791,66,8582,7857,715,6,1402,1125,43,13.2628040836788,0.235931608548315
50,50,57,113,SANTA ROSA,Santa Rosa,FL,8534,266,334,1009,1178,1175,1288,1315,1119,587,252,11,0 to 119,47,4673,3806,55,8462,72,0,268,7154,99,1043,126,1663,6870,0,1,8461,1589,63,11,0,818,809,25,1652,24,46,461,296,221,254,178,99,56,27,1,0 to 101,35,1046,101,39,466,38,1101,513,78,0,90,1,0,12,1663,814,824,1652,11,0,17430,60,19169,17490,1663,12,2257,1712,35,3.552029247735,0.244558859494853
51,51,66,131,WALTON,Walton,FL,2289,54,60,278,295,323,330,370,270,172,134,3,0 to 101,48,1223,1031,35,2169,120,0,88,1907,15,687,91,693,1596,0,0,2169,599,25,66,3,294,329,1,624,6,21,169,118,117,85,103,39,28,7,0,0 to 101,38,528,44,12,40,133,459,32,69,9,40,2,0,10,693,363,329,624,69,0,4902,51,5650,4953,693,10,305,250,38,3.60138877830291,0.254870622087333
52,52,32,063,JACKSON,Jackson,FL,3482,40,55,315,581,578,600,532,356,255,164,6,0 to 105,47,1586,1810,86,3457,25,0,25,2709,19,643,41,682,2795,1,4,3452,630,41,10,1,236,433,2,671,6,11,76,127,124,130,97,57,29,25,0,0 to 100,44,281,197,34,159,36,384,251,108,2,73,0,0,6,682,439,241,671,11,0,6227,14,6936,6241,682,6,872,671,44,2.21646510608254,0.231093280808265
53,53,67,133,WASHINGTON,Washington,FL,1078,16,24,84,122,134,171,224,142,106,55,0,0 to 119,54,633,423,22,1069,9,0,42,783,9,265,15,225,850,0,3,1066,187,33,5,0,113,104,3,220,2,6,29,33,26,31,39,28,23,8,0,0 to 99,52,112,57,7,44,2,164,54,24,0,26,0,0,13,225,106,116,220,5,0,2232,4,2462,2236,225,13,303,245,52,2.37953061790718,0.14998158443965
54,54,45,089,NASSAU,Nassau,FL,3917,65,79,374,436,471,553,715,646,396,178,4,0 to 103,54,2129,1630,158,3793,124,0,151,3281,28,429,69,626,3277,0,14,3780,578,25,21,2,296,303,4,603,8,16,140,105,98,94,84,53,16,12,0,0 to 94,40,351,67,32,153,33,406,164,96,1,37,0,0,3,626,311,311,603,23,0,9866,100,10611,9966,626,3,788,782,40,3.75942130773243,0.154419685909309
55,55,22,043,GLADES,Glades,FL,387,7,16,51,81,81,48,37,33,26,6,1,1 to 90,39,188,198,1,387,0,0,47,195,3,208,0,215,172,0,0,387,213,2,0,0,89,126,0,215,4,5,35,58,57,30,17,6,2,1,0,1 to 89,36,163,31,12,9,123,80,12,33,0,21,0,0,1,215,126,89,215,0,0,597,0,813,597,215,1,193,134,36,2.27684336624256,0.231957009552348
56,56,8,015,CHARLOTTE,Charlotte,FL,6260,70,64,355,550,620,879,1194,1162,789,570,7,0 to 119,59,3624,2563,73,6238,22,0,366,5262,62,1001,31,1313,4942,1,4,6233,1123,184,5,1,690,598,19,1307,12,20,133,149,130,181,235,189,135,128,1,0 to 101,56,937,84,46,240,87,944,276,169,1,184,1,0,80,1313,599,694,1307,6,0,16760,16,18099,16776,1313,80,184,165,56,3.83218059315228,0.165856243943894
57,57,58,115,SARASOTA,Sarasota,FL,16242,196,277,1240,1767,1673,2092,2817,3025,2095,1017,43,0 to 119,58,8989,7070,183,15983,259,0,688,14585,190,1955,107,3726,12503,1,12,15971,3613,69,36,6,1882,1752,48,3682,40,104,622,687,542,525,461,341,234,166,2,0 to 104,42,1554,195,241,1692,346,1390,1946,308,17,280,11,2,100,3724,1776,1900,3682,42,0,49173,214,53133,49387,3724,100,877,771,42,2.51442395330883,0.137455100826111
58,58,14,027,DESOTO,Desoto,FL,3153,85,170,304,466,476,544,557,312,163,72,4,0 to 102,46,1291,1738,124,3142,11,0,119,2159,48,993,15,1015,2130,0,8,3134,885,129,1,0,416,595,3,1014,33,93,135,206,188,156,122,58,14,10,0,0 to 97,36,662,98,35,219,546,233,235,144,0,85,0,0,13,1015,595,417,1014,1,0,6259,10,7303,6269,1015,13,1076,941,36,1.62412905104683,0.150723124168937
59,59,18,035,FLAGLER,Flagler,FL,4343,63,55,266,443,505,624,834,825,502,219,7,0 to 119,57,2524,1760,59,4304,39,0,185,3781,37,452,54,575,3764,0,4,4300,482,84,9,0,308,251,7,566,10,17,79,85,62,95,97,85,33,11,1,0 to 94,49,331,75,100,60,72,410,84,85,4,49,2,1,7,575,256,312,566,9,0,10276,30,10892,10306,575,7,644,609,49,2.09459077711604,0.120416345978497
60,60,26,051,HENDRY,Hendry,FL,3177,116,154,448,588,504,462,403,231,154,110,7,0 to 104,40,1565,1594,18,3175,2,0,298,1751,32,1246,11,1310,1866,0,1,3174,1265,45,0,0,561,741,8,1310,39,66,214,286,238,205,131,68,40,23,0,0 to 101,37,1051,135,41,83,906,338,66,212,0,115,0,0,30,1310,741,561,1310,0,0,5274,2,6599,5276,1310,30,1796,1369,37,2.751957998189,0.279063453322294
61,61,31,061,INDIAN RIVER,Indian River,FL,6976,100,161,627,736,709,863,1073,1175,856,660,16,0 to 119,57,4194,2745,37,6904,72,0,295,5425,77,1460,87,1431,5514,0,31,6875,1404,15,10,2,741,666,12,1419,30,81,267,249,200,190,141,115,89,68,1,0 to 99,38,598,118,130,573,278,499,642,181,6,101,3,0,22,1431,674,745,1419,12,0,18487,58,19987,18545,1431,22,1773,1289,38,2.23772404689823,0.120741478735337
62,62,6,011,BROWARD,Broward,FL,125443,2727,3688,10975,19864,19748,21294,21600,14189,7410,3734,214,0 to 119,47,67457,56437,1549,123791,1652,0,5092,101783,2336,23799,1146,35567,89776,22,78,123694,33292,1879,367,28,17923,17069,179,35171,701,1547,5158,7294,6279,5758,4684,2325,1215,586,19,0 to 119,39,13160,9443,2433,10135,11383,14107,9681,5081,81,2643,64,23,464,35566,17324,18062,35171,395,0,259553,1235,296644,260788,35566,464,15906,15537,39,2.7919763283364,0.283663156516755
63,63,17,033,ESCAMBIA,Escambia,FL,21695,499,571,2320,3167,2618,2902,3726,3060,1769,1007,56,0 to 119,50,12819,8785,91,18502,3193,0,605,19710,183,1932,118,5054,16620,2,19,18481,4345,79,630,0,2381,1997,46,4424,53,139,1052,1033,714,624,592,380,293,174,0,0 to 105,37,1808,1131,146,1339,138,2724,1562,446,2,251,1,3,56,5054,2256,2752,4424,630,0,42775,2519,50366,45294,5054,56,1059,979,37,4.36918308615684,0.166409867656292
64,64,47,093,OKEECHOBEE,Okeechobee,FL,2109,42,89,309,291,253,261,315,205,189,144,11,0 to 119,47,1197,890,22,2098,11,0,167,1484,2,510,15,597,1510,0,2,2096,545,49,3,0,292,300,2,594,18,48,113,110,99,72,82,24,20,11,0,0 to 94,35,382,66,73,73,277,235,82,77,0,56,2,0,2,597,301,294,594,3,0,4180,8,4792,4188,597,2,697,616,35,2.58761125674549,0.21054521223227
65,65,19,037,FRANKLIN,Franklin,FL,562,9,8,32,44,45,68,131,131,76,18,0,0 to 95,61,325,235,2,558,4,0,11,483,0,56,12,49,512,0,1,557,44,3,1,0,28,19,0,47,0,1,4,7,3,7,13,6,5,2,0,9 to 85,56,34,12,0,1,2,43,2,7,0,3,0,0,0,48,19,29,47,1,0,1736,3,1788,1739,48,0,93,92,56,4.43935170547995,0.135013808620425
66,66,1,001,ALACHUA,Alachua,FL,17163,232,263,2277,3265,2445,2401,2699,1974,946,594,67,0 to 119,45,9818,7200,145,16875,288,0,444,16151,61,1031,78,2397,14760,6,0,16869,2279,79,28,11,1220,1134,4,2358,21,62,772,571,267,265,208,144,55,30,2,0 to 103,29,828,549,334,647,357,1288,713,201,8,108,7,0,12,2397,1157,1236,2358,39,0,51351,247,54012,51598,2397,12,183,161,29,2.62533239231304,0.233996913333188
67,67,55,109,ST. JOHNS,St. Johns,FL,12156,194,325,1260,1372,1769,2010,2081,1777,931,420,17,0 to 119,50,6609,5352,195,12111,45,0,492,10239,208,1524,219,2178,9924,11,43,12058,1930,222,22,4,1071,1046,35,2152,28,59,534,334,307,350,311,153,73,29,0,0 to 98,39,1288,122,102,640,138,1252,762,182,4,108,5,0,14,2178,1060,1083,2152,26,0,27345,17,29572,27362,2178,14,1828,1788,39,3.24633645681211,0.154879969128212
68,999,999,999,Unknown,Unknown,FL,1615,7,12,110,203,210,232,198,150,223,267,3,0 to 119,56,1041,553,21,196,1419,0,4,1590,0,22,16,372,1242,1,0,195,72,0,297,3,27,35,10,72,7,11,56,83,57,69,35,19,19,15,1,0 to 82,32,17,10,0,45,26,2,44,0,3,0,2,1,0,372,189,169,72,300,0,2491,1087,3967,3578,372,0,42,40,32,0.736908814303344,0.0426371109693887
